Whats,Whens,Wheres,Whos
Patricians,800-700BCE,Rome,Plebians
Romulus,753BCE,Rome,Plutarch
The Etruscans,700BCE,Northern Italy,Romans
Forum Romanum,700-500BCE,Between the Capitol Palatine and Velia Hills,Romans
Consuls,509BCE-86BCE,Rome,Caius Marius
Latins,500BCE,Latium,Aeneas
paterfamilias,450BCE,Rome,Oldest Male
Centuriate Assembly,450BCE,Rome,Highest Ranking Roman Officials
Provincia,3rd-2nd centuries BCE,Conquests of Rome,Governors
First Punic War,264BCE,Messana between Sicily and Rome,Romans Carthaginians and Syracuse
Battle of Cannae,216BCE,Cannae in Rome,Hannibal
Governors,201BCE,Conquests of Rome,Marius
Scipio's Triumph,201BCE,Rome,Scipio
Cult of Bacchus,186BCE,Campania,Bacchus
The First Slave War,136-132BCE,Sicilly,Eunus
Tiberius Gracchus,133BCE,Rome,Gaius Gracchus
Gaius Gracchus,123BCE,Rome,Tiberius
Teutoni,105BCE,Jutland,Cimbri
Sulla,82-81BCE,Rome,Marius
Julius Caesar,100BCE,Rome,Pompey and Crassus
